Movie Title,Year,Score,Director,Cast,Critics Consensus
Running Scared,1986,57%,Peter Hyams,"Gregory Hines, Billy Crystal, Jimmy Smits, Steven Bauer","Running Scared struggles to strike a consistent balance between violent action and humor, but the chemistry between its well-matched leads keeps things entertaining."
Equilibrium,2002,41%,Kurt Wimmer,"Christian Bale, Emily Watson, Taye Diggs, Angus Macfadyen",Equilibrium is a reheated mishmash of other sci-fi movies.
Hero,2004,94%,Zhang Yimou,"Jet Li, Tony Leung Chiu Wai, Maggie Cheung, Daoming Chen","With death-defying action sequences and epic historic sweep, Hero offers everything a martial arts fan could ask for."
Road House,1989,40%,Rowdy Herrington,"Patrick Swayze, Kelly Lynch, Sam Elliott, Ben Gazzara",Whether Road House is simply bad or so bad it's good depends largely on the audience's fondness for Swayze -- and tolerance for violently cheesy action.
Unstoppable,2010,87%,Tony Scott,"Denzel Washington, Chris Pine, Rosario Dawson, Ethan Suplee","As fast, loud, and relentless as the train at the center of the story, Unstoppable is perfect popcorn entertainment -- and director Tony Scott's best movie in years."
Shaft,1971,88%,Gordon Parks,"Richard Roundtree, Moses Gunn, Gwen Mitchell, Christopher St. John","This is the man that would risk his neck for his brother, man. Can you dig it?"
The Villainess (Ak-Nyeo),2017,85%,Jung Byung-gil,"Ok-bin Kim, Kim Seo-hyeong, Shin Ha-kyun, Bang Sung-jun",The Villainess offers enough pure kinetic thrills to satisfy genre enthusiasts -- and carve out a bloody niche for itself in modern Korean action cinema.
Highlander,1986,69%,Russell Mulcahy,"Christopher Lambert, Sean Connery, Roxanne Hart, Clancy Brown","People hate Highlander because it's cheesy, bombastic, and absurd. And people love it for the same reasons."
Die Hard 2,1990,69%,Renny Harlin,"Bruce Willis, Bonnie Bedelia, William Atherton, Reginald VelJohnson","It lacks the fresh thrills of its predecessor, but Die Hard 2 still works as an over-the-top -- and reasonably taut -- big-budget sequel, with plenty of set pieces to paper over the plot deficiencies."
National Treasure,2004,46%,Jon Turteltaub,"Nicolas Cage, Diane Kruger, Justin Bartha, Sean Bean","National Treasure is no treasure, but it's a fun ride for those who can forgive its highly improbable plot."
The Protector (Tom yum goong) (Warrior King),2005,53%,Prachya Pinkaew,"Tony Jaa, Petchtai Wongkamlao, Bongkoj Khongmalai, Bongkoo Kongmalai","Despite some impressive fight scenes, this trimmed-down version of the Thai action pic is an off-putting mix of scant plot, choppy editing, and confusing subtitles and dubbing."
Revenge,2018,93%,Coralie Fargeat,"Matilda Anna Ingrid Lutz, Kevin Janssens, Vincent Colombe, Guillaume Bouchède","Revenge slices and dices genre tropes, working within an exploitation framework while adding a timely -- yet never less than viscerally thrilling -- feminist spin."
El Mariachi,1993,94%,Robert Rodriguez,"Carlos Gallardo, Consuelo Gómez, Reinol Martinez, Peter Marquardt","Made on a shoestring budget, El Mariachi's story is not new. However, the movie has so much energy that it's thoroughly enjoyable."
A Touch of Zen,1969,97%,King Hu,"Feng Hsu, Chun Shih, Pai Ying, Tien Peng","A brilliantly directed feast for the eyes with an epic story to match, A Touch of Zen marks a groundbreaking achievement in the wuxia genre."
Top Gun,1986,58%,Tony Scott,"Tom Cruise, Kelly McGillis, Anthony Edwards, Val Kilmer","Though it features some of the most memorable and electrifying aereial footage shot with an expert eye for action, Top Gun offers too little for non-adolescent viewers to chew on when its characters aren't in the air."
Con Air,1997,56%,Simon West,"Nicolas Cage, John Cusack, John Malkovich, Steve Buscemi","Con Air won't win any awards for believability - and all involved seem cheerfully aware of it, making some of this blockbuster action outing's biggest flaws fairly easy to forgive."
The Expendables 2,2012,67%,Simon West,"Sylvester Stallone, Jason Statham, Jet Li, Dolph Lundgren","Taut, violent, and suitably self-deprecating, The Expendables 2 gives classic action fans everything they can reasonably expect from a star-studded shoot-'em-up -- for better and for worse."
The Mummy,1999,61%,Stephen Sommers,"Brendan Fraser, Rachel Weisz, John Hannah, Arnold Vosloo","It's difficult to make a persuasive argument for The Mummy as any kind of meaningful cinematic achievement, but it's undeniably fun to watch."
Mr. & Mrs. Smith,2005,60%,Doug Liman,"Brad Pitt, Angelina Jolie, Vince Vaughn, Adam Brody","Although this action-romance suffers from weak writing and one too many explosions, the chemistry generated by onscreen couple Pitt and Jolie is palpable enough to make this a thoroughly enjoyable summer action flick."
Rush Hour,1998,61%,Brett Ratner,"Jackie Chan, Chris Tucker, Elizabeth Peña, Tom Wilkinson",A kick-ass addition to the cop-buddy film genre.
The Equalizer,2014,60%,Antoine Fuqua,"Denzel Washington, Marton Csokas, Chloë Grace Moretz , David Harbour","The Equalizer is more stylishly violent than meaningful, but with Antoine Fuqua behind the cameras and Denzel Washington dispensing justice, it delivers."
Captain America: Civil War,2016,90%,Anthony Russo,"Chris Evans, Robert Downey Jr., Scarlett Johansson, Sebastian Stan",Captain America: Civil War begins the next wave of Marvel movies with an action-packed superhero blockbuster boasting a decidedly non-cartoonish plot and the courage to explore thought-provoking themes.
Air Force One,1997,78%,Wolfgang Petersen,"Gary Oldman, Harrison Ford, Glenn Close, Wendy Crewson","This late-period Harrison Ford actioner is full of palpable, if not entirely seamless, thrills."
Bloodsport,1988,40%,Newt Arnold,"Jean-Claude Van Damme, Leah Ayres, Donald Gibb, Norman Burton","This is where it all began for the Muscles from Brussels, but beyond Van Damme's athleticism, Bloodsport is a cliched, virtually plotless exercise in action movie recycling."
Blade,1998,56%,Stephen Norrington,"Wesley Snipes, Stephen Dorff, Kris Kristofferson, N'Bushe Wright","Though some may find the plot a bit lacking, Blade's action is fierce, plentiful, and appropriately stylish for a comic book adaptation."
Bad Boys,1995,42%,Michael Bay,"Martin Lawrence, Will Smith, Téa Leoni, Tcheky Karyo","Bad Boys stars Will Smith and Martin Lawrence have enjoyable chemistry; unfortunately, director Michael Bay too often drowns it out with set pieces and explosions in place of an actual story."
Die Hard: With a Vengeance,1995,60%,John McTiernan,"Bruce Willis, Jeremy Irons, Samuel L. Jackson, Graham Greene (II)","Die Hard with a Vengeance benefits from Bruce Willis and Samuel L. Jackson's barbed interplay, but clatters to a bombastic finish in a vain effort to cover for an overall lack of fresh ideas."
The Running Man,1987,66%,Paul Michael Glaser,"Arnold Schwarzenegger, Maria Conchita Alonso, Yaphet Kotto, Richard Dawson",The Running Man is winking sci-fi satire with ridiculous clothes and workmanlike direction.
Code of Silence,1985,68%,Andrew Davis,"Chuck Norris, Henry Silva, Bert Remsen, Mike Genovese",No consensus yet.
Shoot 'Em Up,2007,67%,Michael Davis,"Clive Owen, Paul Giamatti, Monica Bellucci, Stephen McHattie","As preposterous and over-the-top as Shoot 'Em Up may be, its humor and non-stop action make for a very enjoyable film."
Crank,2006,61%,Mark Neveldine,"Jason Statham, Amy Smart, Efren Ramirez, Jose Pablo Cantillo","Crank's assaultive style and gleeful depravity may turn off casual action fans, but audiences seeking a strong dose of adrenaline will be thrilled by Jason Statham's raucous race against mortality."
Machete,2010,72%,Ethan Maniquis,"Danny Trejo, Robert De Niro, Jessica Alba, Cheech Marin","Machete is messy, violent, shallow, and tasteless -- and that's precisely the point of one of the summer's most cartoonishly enjoyable films."
Drive,2011,93%,Nicolas Winding Refn,"Ryan Gosling, Carey Mulligan, Albert Brooks, Bryan Cranston","With its hyper-stylized blend of violence, music, and striking imagery, Drive represents a fully realized vision of arthouse action."
Batman,1989,71%,Tim Burton,"Michael Keaton, Jack Nicholson, Kim Basinger, Robert Wuhl","An eerie, haunting spectacle, Batman succeeds as dark entertainment, even if Jack Nicholson's Joker too often overshadows the title character."
Under Siege,1992,79%,Andrew Davis,"Steven Seagal, Tommy Lee Jones, Gary Busey, Erika Eleniak","A well-directed action thriller that makes the most of its confined setting, Under Siege marks a high point for early '90s action -- and its star's spotty filmography."
Independence Day,1996,68%,Roland Emmerich,"Will Smith, Bill Pullman, Jeff Goldblum, Mary McDonnell","The plot is thin and so is character development, but as a thrilling, spectacle-filled summer movie, Independence Day delivers."
Bullitt,1968,98%,Peter Yates,"Steve McQueen, Robert Vaughn, Jacqueline Bisset, Don Gordon",Steve McQueen is cool as ice in this thrilling police procedural that also happens to contain arguably the greatest movie car chase ever.
Wanted,2008,71%,Timur Bekmambetov,"James McAvoy, Morgan Freeman, Angelina Jolie, Terence Stamp","Wanted is stylish, energetic popcorn fare with witty performances from Angelina Jolie (playing an expert assassin), James McAvoy, and Morgan Freeman that help to distract from its absurdly over-the-top plot."
Superman,1978,94%,Richard Donner,"Marlon Brando, Christopher Reeve, Gene Hackman, Ned Beatty","Superman deftly blends humor and gravitas, taking advantage of the perfectly cast Christopher Reeve to craft a loving, nostalgic tribute to an American pop culture icon."
Ronin,1998,68%,John Frankenheimer,"Robert De Niro, Jean Reno, Natascha McElhone, Stellan Skarsgård","Ronin earns comparisons to The French Connection with strong action, dynamic road chase scenes, and solid performances."
They Live,1988,85%,John Carpenter,"Roddy Piper, Keith David, Meg Foster, Peter Jason","A politically subversive blend of horror and sci fi, They Live is an underrated genre film from John Carpenter."
Cliffhanger,1993,67%,Renny Harlin,"Sylvester Stallone, John Lithgow, Michael Rooker, Janine Turner","While it can't escape comparisons to the movies it borrows from, Cliffhanger is a tense, action-packed thriller and a showcase for the talents that made Sylvester Stallone a star."
Marvel's The Avengers,2012,91%,,,"Thanks to a script that emphasizes its heroes' humanity and a wealth of superpowered set pieces, The Avengers lives up to its hype and raises the bar for Marvel at the movies."
Hot Fuzz,2007,91%,Edgar Wright,"Simon Pegg, Nick Frost, Jim Broadbent, Steve Coogan",The brilliant minds behind Shaun of the Dead successfully take a shot at the buddy cop genre with Hot Fuzz. The result is a bitingly satiric and hugely entertaining parody.
The Warriors,1979,86%,Walter Hill,"Michael Beck, James Remar, Thomas G. Waites, Dorsey Wright","As violent as it is stylish, The Warriors is a thrilling piece of pulp filmmaking."
Starship Troopers,1997,65%,Paul Verhoeven,"Casper Van Dien, Dina Meyer, Denise Richards, Jake Busey",A fun movie...if you can accept the excessive gore and wooden acting.
Elite Squad: The Enemy Within,2011,91%,José Padilha,"Wagner Moura, André Mattos, Sandro Rocha, Maria Ribeiro","Elite Squad: The Enemy Within is a bleak, violent descent into the Brazilian underbelly, ripping into the favelas with unstoppable and kinetic force."
Point Break,1991,67%,Kathryn Bigelow,"Keanu Reeves, Patrick Swayze, Gary Busey, Lori Petty","Absurd, over-the-top, and often wildly entertaining, Point Break is here to show you that the human spirit is still alive."
The Long Kiss Goodnight,1996,70%,Renny Harlin,"Geena Davis, Samuel L. Jackson, Patrick Malahide, Craig Bierko","Smart, sharp-witted, and fueled by enjoyably over-the-top action, The Long Kiss Goodnight makes up in impact what it lacks in consistent aim."
The Guest,2014,91%,Adam Wingard,"Dan Stevens, Leland Orser, Lance Reddick, Sheila Kelley","Boasting enough intelligence to bolster its darkly violent thrills, The Guest offers another treat for genre fans from director Adam Wingard."
Taken,2009,59%,Pierre Morel,"Liam Neeson, Maggie Grace, Famke Janssen, Xander Berkeley","Taken is undeniably fun with slick action, but is largely a brainless exercise."
300,2007,61%,Zack Snyder,"Gerard Butler, Lena Headey, David Wenham, Rodrigo Santoro","A simple-minded but visually exciting experience, full of blood, violence, and ready-made movie quotes."
True Lies,1994,71%,James Cameron,"Arnold Schwarzenegger, Jamie Lee Curtis, Tom Arnold, Bill Paxton","If it doesn't reach the heights of director James Cameron's and star Arnold Schwarzenegger's previous collaborations, True Lies still packs enough action and humor into its sometimes absurd plot to entertain."
Demolition Man,1993,60%,Marco Brambilla,"Sylvester Stallone, Wesley Snipes, Sandra Bullock, Nigel Hawthorne","A better-than-average sci-fi shoot-em-up with a satirical undercurrent, Demolition Man is bolstered by strong performances by Sylvester Stallone, Wesley Snipes, and Sandra Bullock."
Hardcore Henry,2016,52%,Ilya Naishuller,"Sharlto Copley, Danila Kozlovsky, Haley Bennett, Tim Roth","Hardcore Henry seems poised to reinvent the action flick, but without a story or characters worth caring about, its first-person gimmick quickly loses its thrill."
Police Story (Ging chaat goo si) (Police Force),1985,93%,Jackie Chan,"Jackie Chan, Brigitte Lin, Maggie Cheung, Cho Yuen","Blending brilliant physical comedy with thrillingly choreographed set pieces, Police Story makes a persuasive case for Jackie Chan as one of the all-time genre greats."
Brotherhood of the Wolf,2001,73%,Christophe Gans,"Samuel Le Bihan, Vincent Cassel, Émilie Dequenne, Monica Bellucci","Brotherhood of the Wolf mixes its genres with little logic, but the end result is wildly entertaining."
Kingsman: The Secret Service,2015,75%,Matthew Vaughn,"Taron Egerton, Colin Firth, Mark Hamill, Samuel L. Jackson","Stylish, subversive, and above all fun, Kingsman: The Secret Service finds director Matthew Vaughn sending up the spy genre with gleeful abandon."
The Fifth Element,1997,71%,Luc Besson,"Bruce Willis, Ian Holm, Gary Oldman, Chris Tucker","Visually inventive and gleefully over the top, Luc Besson's The Fifth Element is a fantastic piece of pop sci-fi that never takes itself too seriously."
Big Trouble in Little China,1986,74%,John Carpenter,"Kurt Russell, Kim Cattrall, Dennis Dun, James Hong","Brimming with energy and packed with humor, Big Trouble in Little China distills kung fu B-movies as affectionately as it subverts them."
Atomic Blonde,2017,79%,David Leitch,"Charlize Theron, James McAvoy, John Goodman, Til Schweiger",Atomic Blonde gets enough mileage out of its stylish action sequences -- and ever-magnetic star -- to make up for a narrative that's somewhat less hard-hitting than its protagonist.
Rumble in the Bronx,1995,80%,Stanley Tong,"Jackie Chan, Anita Mui, Francoise Yip, Bill Tung",An entertaining Jackie Chan stunt-fest in which the impressive action sequences overcome the low production value and by-the-numbers plot.
District B13 (Banlieue 13),2006,80%,Pierre Morel,"Cyril Raffaelli, David Belle, Tony D'Amario, Bibi Naceri","A nonstop thrill ride, District B13's dizzying action sequences more than make up for any expository flaws."
Beverly Hills Cop,1984,83%,Martin Brest,"Eddie Murphy, Judge Reinhold, John Ashton, Lisa Eilbacher","The buddy cop movie continues its evolution unabated with this Eddie Murphy vehicle that's fast, furious, and funny."
Ong-Bak (Ong Bak: Muay Thai Warrior),2005,85%,Prachya Pinkaew,"Tony Jaa, Petchtai Wongkamlao, Petchthai Wongkamlao, Pumwaree Yodkamol","While Ong-Bak: The Thai Warrior may be no great shakes as a movie, critics are hailing the emergence of a new star in Tony Jaa, whose athletic performance is drawing comparisons with Bruce Lee, Jackie Chan, and Jet Li."
Collateral,2004,86%,Michael Mann,"Tom Cruise, Jamie Foxx, Mark Ruffalo, Jada Pinkett Smith","Driven by director Michael Mann's trademark visuals and a lean, villainous performance from Tom Cruise, Collateral is a stylish and compelling noir thriller."
Iron Monkey,2001,91%,Woo-ping Yuen,"Rongguang Yu, Donnie Yen, Jean Wang, Tsang Sze-Man","Iron Monkey may not have the poetic lyricism of Crouching Tiger, it makes up for it in fun and energy."
Escape from New York,1981,86%,John Carpenter,"Kurt Russell, Lee Van Cleef, Ernest Borgnine, Donald Pleasence","Featuring an atmospherically grimy futuristic metropolis, Escape from New York is a strange, entertaining jumble of thrilling action and oddball weirdness."
Battle Royale,2000,88%,Kinji Fukasaku,"Aki Maeda, Ai Iwamura, Chiaki Kuriyama, Tatsuya Fujiwara","Battle Royale is a controversial and violent parable of adolescence, heightening teenage melodrama with life-or-death stakes."
Spider-Man 2,2004,93%,Sam Raimi,"Tobey Maguire, Kirsten Dunst, James Franco, Alfred Molina","Boasting an entertaining villain and deeper emotional focus, this is a nimble sequel that improves upon the original."
13 Assassins,2011,95%,Takashi Miike,"Koji Yakusho, Takayuki Yamada, Yusuke Iseya, Goro Inagaki","Takashi Miike's electric remake of Eiichi Kudo's 1963 period action film is a wild spectacle executed with killer, dizzying panache."
Full Contact,1992,88%,Ringo Lam,"Yun-Fat Chow, Simon Yam, Ann Bridgewater, Anthony Wong",No consensus yet.
Indiana Jones and the Last Crusade,1989,88%,Steven Spielberg,"Harrison Ford, Sean Connery, Alison Doody, Denholm Elliott","Lighter and more comedic than its predecessor, Indiana Jones and the Last Crusade returns the series to the brisk serial adventure of Raiders, while adding a dynamite double act between Harrison Ford and Sean Connery."
Kung Fu Hustle,2005,91%,Stephen Chow,"Stephen Chow, Wah Yuen, Shengyi Huang, Kwok-Kwan Chan","Kung Fu Hustle blends special effects, martial arts, and the Looney Toons to hilarious effect."
A Better Tomorrow,2010,93%,Hae-sung Song,"Yun-Fat Chow, Leslie Cheung, Lung Ti, Young Pao I",No consensus yet.
Iron Man,2008,94%,,"Robert Downey Jr., Terrence Howard, Jeff Bridges, Gwyneth Paltrow","Powered by Robert Downey Jr.'s vibrant charm, Iron Man turbo-charges the superhero genre with a deft intelligence and infectious sense of fun."
The Night Comes For Us,2018,91%,Timo Tjahjanto,"Joe Taslim, Iko Uwais, Julie Estelle, Sunny Pang","A bloody thrill ride designed to test the limits of more squeamish viewers, The Night Comes for Us wields a stylishly violent, action-packed punch."
Logan,2017,93%,James Mangold,"Hugh Jackman, Patrick Stewart, Boyd Holbrook, Stephen Merchant","Hugh Jackman makes the most of his final outing as Wolverine with a gritty, nuanced performance in a violent but surprisingly thoughtful superhero action film that defies genre conventions."
Goldfinger,1964,99%,Guy Hamilton,"Sean Connery, Gert Fröbe, Honor Blackman, Shirley Eaton","Goldfinger is where James Bond as we know him comes into focus - it features one of 007's most famous lines (""A martini. Shaken, not stirred."") and a wide range of gadgets that would become the series' trademark."
Assault on Precinct 13,1976,98%,John Carpenter,"Austin Stoker, Darwin Joston, Gilbert De la Pena, Laurie Zimmer","Lean, taut and compellingly gritty, John Carpenter's loose update of Rio Bravo ranks as a cult action classic and one of the filmmaker's best."
Wonder Woman,2017,93%,Patty Jenkins,"Gal Gadot, Chris Pine, Connie Nielsen, Robin Wright","Thrilling, earnest, and buoyed by Gal Gadot's charismatic performance, Wonder Woman succeeds in spectacular fashion."
Fist of Fury (Jing wu men),1972,83%,,"Bruce Lee, Miao Ker Hsiu, James Tien, Robert Baker",No consensus yet.
Captain America: The Winter Soldier,2014,90%,Joe Russo,"Chris Evans, Samuel L. Jackson, Scarlett Johansson, Anthony Mackie","Suspenseful and politically astute, Captain America: The Winter Soldier is a superior entry in the Avengers canon and is sure to thrill Marvel diehards."
Oldboy,2005,81%,Park Chan-wook,"Choi Min-sik, Gang Hye-jeong, Yoo Ji-tae, Gang Hye-jung","Violent and definitely not for the squeamish, Park Chan-Wook's visceral Oldboy is a strange, powerful tale of revenge."
The French Connection,1971,98%,William Friedkin,"Gene Hackman, Fernando Rey, Roy Scheider, Marcel Bozzuffi","Realistic, fast-paced and uncommonly smart, The French Connection is bolstered by stellar performances by Gene Hackman and Roy Scheider, not to mention William Friedkin's thrilling production."
Furious 7,2015,82%,James Wan,"Vin Diesel, Paul Walker, Jason Statham, Dwayne Johnson","Serving up a fresh round of over-the-top thrills while adding unexpected dramatic heft, Furious 7 keeps the franchise moving in more ways than one."
La Femme Nikita (Nikita),1990,89%,Luc Besson,"Tcheky Karyo, Anne Parillaud, Jeanne Moreau, Jean Reno",A zany out-of-control thriller that gives lead Anne Parillaud a big character arc and plenty of emotional room to work within.
Supercop,1996,96%,Stanley Tong,"Jackie Chan, Maggie Cheung, Kenneth Tsang Kong, Wah Yuen","Blending hand-to-hand combat with breathtaking stunts and slapstick comedy, Supercop reminds us why Jackie Chan is one of the world's great entertainers."
Dirty Harry,1971,89%,Don Siegel,"Clint Eastwood, Andrew Robinson, Harry Guardino, John Mitchum","As tough and taciturn as its no-nonsense hero, Dirty Harry delivers a deceptively layered message without sacrificing an ounce of its solid action impact."
Live Die Repeat: Edge of Tomorrow,2014,91%,Doug Liman,"Tom Cruise, Emily Blunt, Bill Paxton, Jonas Armstrong","Gripping, well-acted, funny, and clever, Edge of Tomorrow offers entertaining proof that Tom Cruise is still more than capable of shouldering the weight of a blockbuster action thriller."
X2: X-Men United,2003,85%,Bryan Singer,"Hugh Jackman, Ian McKellen, Halle Berry, Famke Janssen","Tightly scripted, solidly acted, and impressively ambitious, X2: X-Men United is bigger and better than its predecessor -- and a benchmark for comic sequels in general."
The Fugitive,1993,96%,Andrew Davis,"Harrison Ford, Tommy Lee Jones, Sela Ward, Julianne Moore","Exhilarating and intense, this high-impact chase thriller is a model of taut and efficient formula filmmaking, and it features Harrison Ford at his frantic best."
Black Panther,2018,96%,Ryan Coogler,"Chadwick Boseman, Michael B. Jordan, Lupita Nyong'o, Danai Gurira",Black Panther elevates superhero cinema to thrilling new heights while telling one of the MCU's most absorbing stories -- and introducing some of its most fully realized characters.
Inception,2010,87%,Christopher Nolan,"Leonardo DiCaprio, Ken Watanabe, Joseph Gordon-Levitt, Marion Cotillard","Smart, innovative, and thrilling, Inception is that rare summer blockbuster that succeeds viscerally as well as intellectually."
Braveheart,1995,78%,Mel Gibson,"Mel Gibson, Sophie Marceau, Patrick McGoohan, Catherine McCormack","Distractingly violent and historically dodgy, Mel Gibson's Braveheart justifies its epic length by delivering enough sweeping action, drama, and romance to match its ambition."
Minority Report,2002,90%,Steven Spielberg,"Tom Cruise, Colin Farrell, Samantha Morton, Max von Sydow","Thought-provoking and visceral, Steven Spielberg successfully combines high concept ideas and high octane action in this fast and febrile sci-fi thriller."
Avengers: Endgame,2019,94%,Anthony Russo,"Robert Downey Jr., Mark Ruffalo, Scarlett Johansson, Chris Evans","Exciting, entertaining, and emotionally impactful, Avengers: Endgame does whatever it takes to deliver a satisfying finale to Marvel's epic Infinity Saga."
Dredd,2012,79%,Pete Travis,"Karl Urban, Olivia Thirlby, Wood Harris, Lena Headey","Fueled by bombastic violence and impressive special effects, rooted in self-satire and deadpan humor, Dredd 3D does a remarkable job of capturing its source material's gritty spirit."
The Bourne Identity,2002,83%,Doug Liman,"Matt Damon, Franka Potente, Chris Cooper, Clive Owen","Expertly blending genre formula with bursts of unexpected wit, The Bourne Identity is an action thriller that delivers -- and then some."
Ip Man,2010,86%,Wilson Yip,"Donnie Yen, Hiroyuki Ikeuchi, Simon Yam, Xiong Dailin","At once beholden to the established conventions of the genre and delightfully subversive of them, Ip Man is one of the most exciting -- and refreshingly character-driven -- martial arts films in years."
Face/Off,1997,92%,John Woo,"John Travolta, Nicolas Cage, Joan Allen, Alessandro Nivola","John Travolta and Nicolas Cage play cat-and-mouse (and literally play each other) against a beautifully stylized backdrop of typically elegant, over-the-top John Woo violence."
To Live and Die in L.A.,1985,92%,William Friedkin,"William L. Petersen, Willem Dafoe, John Pankow, Debra Feuer","With coke fiends, car chases, and Wang Chung galore, To Live and Die in L.A. is perhaps the ultimate '80s action/thriller."
The Dark Knight,2008,94%,Christopher Nolan,"Christian Bale, Heath Ledger, Aaron Eckhart, Maggie Gyllenhaal","Dark, complex, and unforgettable, The Dark Knight succeeds not just as an entertaining comic book film, but as a richly thrilling crime saga."
Mission: Impossible Ghost Protocol,2011,93%,Brad Bird,"Tom Cruise, Jeremy Renner, Simon Pegg, Paula Patton","Stylish, fast-paced, and loaded with gripping set pieces, the fourth Mission: Impossible is big-budget popcorn entertainment that really works."
Fast Five,2011,77%,Justin Lin,"Vin Diesel, Paul Walker, Jordana Brewster, Dwayne Johnson","Sleek, loud, and over the top, Fast Five proudly embraces its brainless action thrills and injects new life into the franchise."
Lethal Weapon,1987,80%,Richard Donner,"Mel Gibson, Danny Glover, Gary Busey, Darlene Love","The most successful installment in a phenomenally successful series, Lethal Weapon helped redefine action movies for the 1980s and 1990s."
The Rock,1996,68%,Michael Bay,"Sean Connery, Nicolas Cage, Ed Harris, Michael Biehn","For visceral thrills, it can't be beat. Just don't expect The Rock to engage your brain."
RoboCop,1987,90%,Paul Verhoeven,"Peter Weller, Nancy Allen, Ronny Cox, Kurtwood Smith","While over-the-top and gory, Robocop is also a surprisingly smart sci-fi flick that uses ultraviolence to disguise its satire of American culture."
John Wick: Chapter 2,2017,89%,Chad Stahelski,"Keanu Reeves, John Leguizamo, Bridget Moynahan, Thomas Sadoski","John Wick: Chapter 2 does what a sequel should -- which in this case means doubling down on the non-stop, thrillingly choreographed action that made its predecessor so much fun."
Casino Royale,2006,94%,Martin Campbell,"Daniel Craig, Eva Green, Mads Mikkelsen, Judi Dench","Casino Royale disposes of the silliness and gadgetry that plagued recent James Bond outings, and Daniel Craig delivers what fans and critics have been waiting for: a caustic, haunted, intense reinvention of 007."
Baby Driver,2017,92%,Edgar Wright,"Ansel Elgort, Kevin Spacey, Lily James, Jon Bernthal","Stylish, exciting, and fueled by a killer soundtrack, Baby Driver hits the road and it's gone -- proving fast-paced action movies can be smartly written without sacrificing thrills."
Fist of Legend (Jing wu ying xiong),1994,100%,Gordon Chan,"Jet Li, Paul Chiang, Yasuaki Kurata, Shinobu Nakayama (II)",No consensus yet.
The Killer,1989,98%,John Woo,"Yun-Fat Chow, Sally Yeh, Danny Lee, Kenneth Tsang",The Killer is another hard-boiled action flick from John Woo featuring eye-popping balletic violence and philosophical underpinnings.
The Raid 2,2014,82%,Gareth Evans,"Iko Uwais, Yahan Ruhian, Arifin Putra, Oka Antara","Although its high-energy plot and over-the-top violence may play better with genre aficionados, The Raid 2 definitely delivers more of everything audiences loved about its predecessor."
Enter the Dragon,1973,95%,Robert Clouse,"Bruce Lee, John Saxon, Jim Kelly, Shih Kien","Badass to the max, Enter the Dragon is the ultimate kung-fu movie and fitting (if untimely) Bruce Lee swan song."
Commando,1985,69%,Mark L. Lester,"Arnold Schwarzenegger, Alyssa Milano, Rae Dawn Chong, Dan Hedaya","The ultimate '80s Schwarzenegger movie, replete with a threadbare plot, outsized action, and endless one-liners."
First Blood,1982,85%,Ted Kotcheff,"Sylvester Stallone, Richard Crenna, Brian Dennehy, David Caruso","Much darker and more sensitive than the sequels it spawned, First Blood is a thrilling survival adventure that takes full advantage of Sylvester Stallone's acting skills."
Mission: Impossible Rogue Nation,2015,94%,Christopher McQuarrie,"Tom Cruise, Jeremy Renner, Ving Rhames, Simon Pegg",Mission: Impossible Rogue Nation continues the franchise's thrilling resurgence -- and proves that Tom Cruise remains an action star without equal.
The Terminator,1984,100%,James Cameron,"Arnold Schwarzenegger, Linda Hamilton, Michael Biehn, Paul Winfield","With its impressive action sequences, taut economic direction, and relentlessly fast pace, it's clear why The Terminator continues to be an influence on sci-fi and action flicks."
Gladiator,2000,77%,Ridley Scott,"Russell Crowe, Joaquin Phoenix, Connie Nielsen, Oliver Reed",Ridley Scott and an excellent cast successfully convey the intensity of Roman gladitorial combat as well as the political intrigue brewing beneath.
Kill Bill: Volume 1,2003,85%,Quentin Tarantino,"Uma Thurman, Lucy Liu, Vivica A. Fox, David Carradine",Kill Bill is admittedly little more than a stylish revenge thriller -- albeit one that benefits from a wildly inventive surfeit of style.
Léon: The Professional,1994,74%,Luc Besson,"Jean Reno, Gary Oldman, Natalie Portman, Danny Aiello",Pivoting on the unusual relationship between seasoned hitman and his 12-year-old apprentice -- a breakout turn by young Natalie Portman -- Luc Besson's Léon is a stylish and oddly affecting thriller.
Speed,1994,94%,Jan de Bont,"Keanu Reeves, Dennis Hopper, Sandra Bullock, Joe Morton","A terrific popcorn thriller, Speed is taut, tense, and energetic, with outstanding performances from Keanu Reeves, Dennis Hopper, and Sandra Bullock."
The Legend of Drunken Master (Jui kuen II) (Drunken Fist II),1994,84%,Lau Kar-Leung,"Jackie Chan, Siu Tin Yuen, Jang Lee Hwang, Kau Lam",Jackie Chan sends up some amazing and entertaining fight sequences in The Legend of Drunken Master.
John Wick,2014,86%,David Leitch,"Keanu Reeves, Michael Nyqvist, Alfie Allen, Adrianne Palicki","Stylish, thrilling, and giddily kinetic, John Wick serves as a satisfying return to action for Keanu Reeves -- and what looks like it could be the first of a franchise."
"Crouching Tiger, Hidden Dragon",2001,97%,Ang Lee,"Yun-Fat Chow, Michelle Yeoh, Ziyi Zhang, Chen Chang","The movie that catapulted Ang Lee into the ranks of upper echelon Hollywood filmmakers, Crouching Tiger, Hidden Dragon features a deft mix of amazing martial arts battles, beautiful scenery, and tasteful drama."
Predator,1987,81%,Shane Black,"Boyd Holbrook, Trevante Rhodes, Jacob Tremblay, Keegan-Michael Key","Predator: Part sci-fi, part horror, part action -- all muscle."
The Bourne Ultimatum,2007,92%,Paul Greengrass,"Matt Damon, Julia Stiles, David Strathairn, Scott Glenn","The Bourne Ultimatum is an intelligent, finely tuned non-stop thrill ride. Another strong performance from Matt Damon and sharp camerawork from Paul Greengrass make this the finest installment of the Bourne trilogy."
Total Recall,1990,82%,Paul Verhoeven,"Arnold Schwarzenegger, Rachel Ticotin, Sharon Stone, Ronny Cox","Under Paul Verhoeven's frenetic direction, Total Recall is a fast-paced rush of violence, gore, and humor that never slacks."
Mad Max 2: The Road Warrior,1982,94%,George Miller,"Mel Gibson, Bruce Spence, Vernon Wells, Emil Minty","The Road Warrior is everything a bigger-budgeted Mad Max sequel with should be: bigger, faster, louder, but definitely not dumber."
Heat,1995,87%,Michael Mann,"Al Pacino, Robert De Niro, Val Kilmer, Jon Voight","Though Al Pacino and Robert De Niro share but a handful of screen minutes together, Heat is an engrossing crime drama that draws compelling performances from its stars -- and confirms Michael Mann's mastery of the genre."
The Raid: Redemption,2012,87%,Gareth Evans,"Iko Uwais, Joe Taslim, Doni Alamsyah, Yahan Ruhian","No frills and all thrills, The Raid: Redemption is an inventive action film expertly paced and edited for maximum entertainment."
Mission: Impossible - Fallout,2018,97%,Christopher McQuarrie,"Tom Cruise, Henry Cavill, Ving Rhames, Simon Pegg","Fast, sleek, and fun, Mission: Impossible - Fallout lives up to the ""impossible"" part of its name by setting yet another high mark for insane set pieces in a franchise full of them."
Raiders of the Lost Ark,1981,95%,Steven Spielberg,"Harrison Ford, Karen Allen, Paul Freeman, Wolf Kahler","Featuring bravura set pieces, sly humor, and white-knuckle action, Raiders of the Lost Ark is one of the most consummately entertaining adventure pictures of all time."
Aliens,1986,97%,James Cameron,"Sigourney Weaver, Carrie Henn, Michael Biehn, Paul Reiser","While Alien was a marvel of slow-building, atmospheric tension, Aliens packs a much more visceral punch, and features a typically strong performance from Sigourney Weaver."
Lat sau san taam (Hard-Boiled),1992,94%,John Woo,"Yun-Fat Chow, Tony Leung Chiu Wai, Anthony Wong, Teresa Mo","Boasting impactful action as well as surprising emotional resonance, Hard Boiled is a powerful thriller that hits hard in more ways than one."
The Matrix,1999,88%,Lilly Wachowski,"Keanu Reeves, Laurence Fishburne, Carrie-Anne Moss, Joe Pantoliano","Thanks to the Wachowskis' imaginative vision, The Matrix is a smartly crafted combination of spectacular action and groundbreaking special effects."
Terminator 2: Judgment Day,1991,93%,James Cameron,"Arnold Schwarzenegger, Linda Hamilton, Edward Furlong, Robert Patrick","T2 features thrilling action sequences and eye-popping visual effects, but what takes this sci-fi/ action landmark to the next level is the depth of the human (and cyborg) characters."
Die Hard,1988,94%,John McTiernan,"Bruce Willis, Alan Rickman, Reginald VelJohnson, Bonnie Bedelia",Its many imitators (and sequels) have never come close to matching the taut thrills of the definitive holiday action classic.
Mad Max: Fury Road,2015,97%,George Miller,"Tom Hardy, Charlize Theron, Nicholas Hoult, Rosie Huntington-Whiteley","With exhilarating action and a surprising amount of narrative heft, Mad Max: Fury Road brings George Miller's post-apocalyptic franchise roaring vigorously back to life."
